"","subid","char","subid_char","duration","summary","summary_coded","yob","gender","ethnicity","religion","comments","be aware of things","can be turned on and off","feel embarrassed","feel guilty","feel happy","feel love","feel pain","feel proud","feel sad","feel scared","feel sick, like when you feel like you might throw up","feel tired","figure out how to do things","get angry","get hungry","get hurt feelings","is made out of metal","make choices","please choose yes","please click kinda","please select no","remember things","sense temperatures","sense whether something is close by or far away","smell things"
"1","R-00TVT921dMFxPGx","robot","R-00TVT921dMFxPGx_robot","82","I chose no, kinda, or yes in regards to a robots abilities","1","Missouri, USA","f","white","not_religious","","KINDA","YES","NO","NO","NO","NO","NO","NO","NO","NO","NO","NO","KINDA","NO","NO","NO","YES","KINDA","YES","KINDA","NO","NO","KINDA","YES","NO"
"2","R-0xKvyUHT8gVDVYt","doll","R-0xKvyUHT8gVDVYt_doll","137","I answered questions about my thoughts on what a doll can or cannot do","1","1972","f","white","not_religious","","NO","YES","NO","NO","NO","NO","NO","NO","NO","NO","NO","NO","NO","NO","NO","NO","NO","NO","YES","KINDA","NO","NO","NO","NO","NO"
"3","R-11YOKQYikqPkrOB","teddy_bear","R-11YOKQYikqPkrOB_teddy_bear","355","I answered questions about teddy bears","1","1961","f","black","christianity","","NO","NO","NO","NO","NO","NO","NO","NO","NO","NO","NO","NO","NO","NO","NO","NO","NO","NO","YES","KINDA","YES","NO","NO","NO","NO"
"4","R-123cCw9cXHcjQB2","teddy_bear","R-123cCw9cXHcjQB2_teddy_bear","115","I decided whether teddy bears could do a variety of things.","1","1980","m","hispanic","not_religious","","NO","KINDA","NO","NO","NO","NO","NO","NO","NO","NO","NO","NO","NO","NO","NO","NO","NO","NO","YES","KINDA","NO","NO","NO","NO","NO"
"5","R-12gS697zKMLAcUa","bird","R-12gS697zKMLAcUa_bird","92","I gave my opinion on things birds can and cannot do","1","1988","m","white","not_religious","","YES","NO","NO","NO","YES","KINDA","YES","NO","NO","YES","YES","YES","KINDA","NO","YES","NO","NO","KINDA","YES","KINDA","NO","YES","YES","YES","YES"
"6","R-12hwdrI2u5SQ5Ct","goat","R-12hwdrI2u5SQ5Ct_goat","321","interesting and informative survey enjoyed it very much","0","1959","m","asian_east","christianity","none, thank you!","YES","NO","YES","YES","YES","YES","YES","YES","YES","YES","YES","YES","YES","YES","YES","YES","NO","YES","YES","KINDA","NO","YES","YES","YES","YES"
"7","R-1BRD3tOAMgECCXC","robot","R-1BRD3tOAMgECCXC_robot","278","I just answered questions about whether a robot had feelings.","1","1949","f","white","christianity","Robots can't feel but can come to a resolution about feelings if they are programmed with the correct algorithms. ","KINDA","YES","NO","NO","NO","NO","NO","NO","NO","NO","NO","NO","YES","NO","NO","NO","YES","YES","YES","KINDA","NO","KINDA","YES","YES","NO"
"8","R-1CIoi5v3ac7rEw9","doll","R-1CIoi5v3ac7rEw9_doll","132","I answered questions about a doll, like if I felt a doll could feel/do certain things. ","1","1968","f","white","not_religious","","NO","NO","NO","NO","NO","NO","NO","NO","NO","NO","NO","NO","NO","NO","NO","NO","NO","NO","YES","KINDA","NO","NO","NO","NO","NO"
"9","R-1Cp6AohkTFp3iNq","mouse","R-1Cp6AohkTFp3iNq_mouse","560","I guessed what a mouse can and can not do by clicking on Yes, No or Kinda buttons.","1","1988","f","asian_other","other_religious","","YES","NO","NO","NO","NO","NO","YES","NO","KINDA","YES","YES","YES","YES","YES","YES","NO","NO","KINDA","YES","KINDA","NO","KINDA","YES","YES","YES"
"10","R-1CqCR8wxW28KxRC","goat","R-1CqCR8wxW28KxRC_goat","146","I made decisions about whether or not a goat could do or feel different things.","1","1974","m","white","christianity","","YES","NO","NO","NO","NO","NO","YES","NO","NO","KINDA","KINDA","YES","YES","YES","YES","NO","NO","YES","YES","KINDA","NO","YES","KINDA","YES","YES"
"11","R-1cUgdSOO7jCXVhY","bird","R-1cUgdSOO7jCXVhY_bird","75","I clicked yes, no, and kinda on characteristics of a blue jay bird.","1","1994","m","asian_east","not_religious","","YES","NO","KINDA","NO","YES","YES","YES","YES","KINDA","YES","YES","NO","YES","YES","KINDA","NO","NO","YES","YES","KINDA","NO","NO","YES","YES","YES"
"12","R-1DnHZQOoFVYd4hd","elephant","R-1DnHZQOoFVYd4hd_elephant","212","I answered questions about what i thought elephants were capable of.","1","1995","f","white","not_religious","","YES","NO","YES","YES","YES","YES","YES","YES","YES","YES","YES","YES","YES","YES","YES","YES","NO","YES","YES","KINDA","NO","YES","YES","YES","YES"
"13","R-1DvxKlgYWGjtg9U","elephant","R-1DvxKlgYWGjtg9U_elephant","274","I just selected the things that elephants can do ","","1990","m","hispanic","christianity","","YES","NO","NO","KINDA","YES","YES","YES","NO","KINDA","YES","YES","KINDA","YES","YES","YES","KINDA","NO","YES","YES","KINDA","NO","YES","YES","YES","YES"
"14","R-1eQO83z5Bv1s4bX","mouse","R-1eQO83z5Bv1s4bX_mouse","740","I answered whether or not a mouse was capable of feeling or doing certain things ","1","1987","f","white","christianity","I‰Ûªd like to know what it will be used for!","YES","NO","NO","NO","KINDA","NO","YES","NO","NO","YES","KINDA","KINDA","YES","NO","YES","NO","NO","KINDA","YES","KINDA","NO","KINDA","YES","YES","KINDA"
"15","R-1eWbERoZ8eUAjoA","robot","R-1eWbERoZ8eUAjoA_robot","120","I answered multiple choice questions about the abilities of robots","1","1981","f","white","not_religious","","KINDA","YES","NO","NO","NO","NO","NO","NO","NO","NO","NO","NO","KINDA","NO","NO","NO","KINDA","KINDA","YES","KINDA","NO","KINDA","YES","YES","NO"
"16","R-1f18XXtABpjVMZN","doll","R-1f18XXtABpjVMZN_doll","187","I judged  capabilities  of dolls.","1","1959","m","white","christianity","","NO","KINDA","NO","NO","NO","NO","NO","NO","NO","NO","NO","NO","NO","NO","NO","NO","KINDA","NO","YES","KINDA","NO","NO","NO","NO","NO"
"17","R-1FJTWPm4MK2BrLE","bird","R-1FJTWPm4MK2BrLE_bird","135","I answered questions about what I thought a bird could do or feel","1","1981","f","white","christianity","No comments. Thanks!","YES","NO","KINDA","KINDA","YES","YES","YES","YES","YES","YES","YES","YES","YES","YES","YES","YES","NO","YES","YES","KINDA","NO","YES","YES","YES","YES"
"18","R-1GZWPhNhjTzGIJm","elephant","R-1GZWPhNhjTzGIJm_elephant","1225","I wrote an essay about what it was like to learn to play the violin","0","1969","m","white","christianity","good","KINDA","NO","KINDA","KINDA","KINDA","YES","NO","YES","KINDA","KINDA","KINDA","NO","KINDA","NO","KINDA","KINDA","NO","KINDA","NO","NO","NO","NO","KINDA","KINDA","KINDA"
"19","R-1i9VcIsqOVQZwNF","robot","R-1i9VcIsqOVQZwNF_robot","171","i rated whether a robot could do and feel things","1","1980","m","white","not_religious","no issues. i liked that it auto advanced after making selection","KINDA","YES","NO","NO","NO","NO","NO","NO","NO","NO","NO","NO","YES","NO","NO","NO","YES","KINDA","YES","KINDA","NO","YES","YES","YES","NO"
"20","R-1IFcXRyQQwsDNM9","teddy_bear","R-1IFcXRyQQwsDNM9_teddy_bear","479","I did a survey about what teddy bears could or could not do","","1989","f","white","christianity","good survey","NO","NO","NO","NO","NO","NO","NO","NO","NO","NO","NO","NO","NO","NO","NO","NO","NO","NO","YES","KINDA","NO","NO","NO","NO","NO"
"21","R-1IlQw3knyVQSA2u","mouse","R-1IlQw3knyVQSA2u_mouse","151","I answered questions about what I think a mouse can or cannot do","1","1968","f","white","christianity","not at this time","YES","NO","NO","NO","YES","KINDA","YES","NO","KINDA","YES","YES","YES","YES","YES","YES","NO","NO","YES","YES","KINDA","NO","YES","YES","YES","YES"
"22","R-1JCxovgX7RTLPMP","beetle","R-1JCxovgX7RTLPMP_beetle","103","i was asked if beetles could do things","1","1973","m","white","christianity","none","YES","NO","NO","NO","NO","NO","NO","NO","NO","YES","NO","YES","NO","NO","YES","NO","NO","YES","YES","KINDA","NO","YES","YES","YES","YES"
"23","R-1k2ewW2UOEcRIvH","elephant","R-1k2ewW2UOEcRIvH_elephant","110","I answered question about what I think an elephant can do. ","1","1002","m","white","not_religious","","YES","KINDA","KINDA","KINDA","YES","YES","YES","YES","YES","YES","YES","YES","YES","YES","YES","YES","NO","YES","YES","KINDA","YES","YES","YES","YES","YES"
"24","R-1kIg7PwRxtZH2hC","beetle","R-1kIg7PwRxtZH2hC_beetle","111","I was asked to respond to questions about the capabilities of a beetle (e.g. feeling emotions, states, etc.)","1","1989","m","white","christianity","","KINDA","KINDA","NO","NO","NO","NO","KINDA","NO","NO","NO","NO","YES","KINDA","NO","YES","NO","NO","NO","YES","KINDA","NO","KINDA","YES","KINDA","YES"
"25","R-1LTLF21NPYNu8kR","robot","R-1LTLF21NPYNu8kR_robot","209","I responded to questions about robots.","1","1958","m","white","christianity","n/a","YES","YES","NO","NO","NO","NO","NO","NO","NO","NO","NO","NO","YES","NO","NO","NO","KINDA","YES","YES","KINDA","NO","YES","YES","YES","NO"
"26","R-1msD1LvNDHVsWwM","computer","R-1msD1LvNDHVsWwM_computer","299","i wrote an essay about nature.","0","1992","m","native_american","christianity","no problem in it.its very simple and easy.","NO","YES","NO","NO","NO","NO","NO","NO","NO","NO","NO","NO","NO","NO","NO","NO","NO","NO","YES","KINDA","NO","NO","NO","NO","NO"
"27","R-1nMF3MtDgoYbJzW","mouse","R-1nMF3MtDgoYbJzW_mouse","238","Confirmed my opinions, through multiple choice questions, on what I think a mouse can do, think or feel.","1","1968","f","asian_east","not_religious","","YES","NO","NO","NO","YES","YES","YES","NO","YES","YES","NO","YES","YES","NO","YES","NO","NO","NO","YES","KINDA","NO","YES","YES","YES","YES"
"28","R-1Nq5l10RhM0VR6V","mouse","R-1Nq5l10RhM0VR6V_mouse","166","Answered questions about mice ","1","1984","f","white","christianity","","YES","YES","NO","NO","NO","NO","YES","NO","KINDA","YES","YES","YES","KINDA","YES","YES","NO","NO","YES","YES","KINDA","NO","KINDA","YES","YES","YES"
"29","R-1o4Fzf1OAQfxk3E","elephant","R-1o4Fzf1OAQfxk3E_elephant","185","I answered questions about what I thought elephants were capable of.","","1993","f","black,white","not_religious","","YES","NO","YES","YES","YES","YES","YES","YES","YES","YES","KINDA","YES","YES","YES","YES","YES","NO","YES","YES","KINDA","NO","YES","YES","YES","YES"
"30","R-1obztheH2ROdgmE","doll","R-1obztheH2ROdgmE_doll","474","I chose wheter dolls can do thing or not.","1","1989","f","white","christianity","","NO","YES","NO","NO","NO","NO","NO","NO","NO","NO","NO","NO","NO","NO","NO","NO","NO","NO","YES","KINDA","NO","NO","NO","NO","NO"
"31","R-1OMF9n1UlyzAplV","doll","R-1OMF9n1UlyzAplV_doll","29","","","","","","","","NO","","NO","NO","NO","NO","","NO","NO","NO","NO","NO","","NO","","NO","","NO","NO","NO","NO","NO","NO","NO",""
"32","R-1OOG2BaQe0Wrt7Y","goat","R-1OOG2BaQe0Wrt7Y_goat","184","I answered questions/selected choices about goats","1","1962","f","hispanic","christianity","","YES","NO","NO","NO","NO","NO","YES","NO","NO","YES","YES","YES","KINDA","NO","YES","NO","NO","KINDA","NO","KINDA","NO","KINDA","YES","KINDA","YES"
"33","R-1P1NKGdTaFxnOhW","bird","R-1P1NKGdTaFxnOhW_bird","248","I answered if a bird can feel certain emotions or sensations","1","1981","m","white","not_religious","","YES","NO","NO","NO","NO","NO","YES","NO","KINDA","YES","YES","YES","KINDA","KINDA","YES","NO","NO","YES","YES","KINDA","NO","KINDA","YES","YES","YES"
"34","R-1Qxu13IBIUBlnqB","goat","R-1Qxu13IBIUBlnqB_goat","199","I judged what a goat can do!","1","1985","f","white","christianity","","YES","NO","NO","NO","YES","YES","YES","YES","KINDA","YES","YES","YES","KINDA","KINDA","YES","YES","NO","KINDA","NO","KINDA","NO","KINDA","YES","KINDA","YES"
"35","R-1r3udL2ywOnJMxk","elephant","R-1r3udL2ywOnJMxk_elephant","110","I just recorded my thoughts about what an elephant can and can't do.","","1973","m","white","christianity","good luck","YES","NO","KINDA","KINDA","YES","YES","YES","KINDA","YES","YES","YES","YES","YES","YES","YES","YES","NO","YES","YES","KINDA","NO","YES","YES","YES","YES"
"36","R-1rDKjdZIu5LkdoZ","teddy_bear","R-1rDKjdZIu5LkdoZ_teddy_bear","65","","","","","","","","NO","","NO","NO","NO","NO","NO","NO","NO","NO","NO","NO","NO","NO","NO","NO","","NO","YES","NO","NO","NO","NO","NO","NO"
"37","R-21gstaCMzEwZI35","goat","R-21gstaCMzEwZI35_goat","465","THE STUDY IS ABOUT GOAT EMOTION ","1","1986","m","white","christianity","STUDY IS GOOD","KINDA","KINDA","NO","NO","KINDA","KINDA","NO","KINDA","KINDA","KINDA","KINDA","KINDA","NO","KINDA","YES","NO","KINDA","NO","YES","KINDA","NO","KINDA","NO","KINDA","YES"
"38","R-21zbd2NsRJMForC","doll","R-21zbd2NsRJMForC_doll","245","An essay to know what dolls think they can do and what they do not","1","1993","f","white","christianity","No, you do not miss anything in the poll","NO","NO","NO","NO","NO","NO","NO","NO","NO","NO","NO","NO","NO","NO","NO","NO","NO","NO","YES","KINDA","NO","NO","NO","NO","NO"
"39","R-22nW7h8GhVsEST1","computer","R-22nW7h8GhVsEST1_computer","313","I answered questions about what I think computers are capable of.","1","1993","f","white","other_religious","","NO","YES","NO","NO","NO","NO","NO","NO","NO","NO","NO","NO","KINDA","NO","NO","NO","YES","NO","YES","KINDA","NO","KINDA","KINDA","NO","NO"
"40","R-24HtoBXn8jkyrWA","bird","R-24HtoBXn8jkyrWA_bird","147","I answered questions about birds with yes/no.kinda buttons","1","1982","m","white","not_religious","","YES","NO","KINDA","KINDA","YES","KINDA","YES","YES","KINDA","YES","YES","YES","YES","YES","YES","KINDA","NO","YES","YES","KINDA","NO","YES","YES","YES","YES"
"41","R-24obvg7k8vBlVCt","bird","R-24obvg7k8vBlVCt_bird","284","survey about birds","1","1979","f","white","christianity","nice survey","YES","KINDA","YES","YES","NO","YES","NO","YES","YES","NO","KINDA","YES","NO","YES","YES","YES","NO","KINDA","YES","KINDA","NO","YES","YES","YES","KINDA"
"42","R-25Gc4TMnpbXt08m","elephant","R-25Gc4TMnpbXt08m_elephant","115","I answered questions about the ability of elephants to think and feel","1","1969","f","white","christianity","","YES","YES","NO","NO","KINDA","KINDA","YES","KINDA","KINDA","YES","YES","YES","KINDA","YES","YES","NO","NO","YES","YES","KINDA","NO","KINDA","KINDA","YES","YES"
"43","R-269nHN6ePrZZoAW","bird","R-269nHN6ePrZZoAW_bird","181","I read phrases about birds and decided if the phrases could be answered in yes, no, or kinda.","1","1982","f","white","christianity","","YES","NO","KINDA","YES","YES","YES","YES","YES","YES","YES","YES","YES","YES","YES","YES","YES","NO","YES","YES","KINDA","NO","YES","YES","KINDA","NO"
"44","R-26qhlDKM4cgHx73","elephant","R-26qhlDKM4cgHx73_elephant","111","I chose whether an elephant could experience certain feelings.","1","1984","f","white","not_religious","","KINDA","NO","NO","NO","NO","KINDA","YES","NO","NO","KINDA","KINDA","KINDA","KINDA","NO","YES","NO","NO","KINDA","YES","KINDA","NO","KINDA","YES","KINDA","YES"
"45","R-27I3nzhIBMrtT4N","elephant","R-27I3nzhIBMrtT4N_elephant","135","Assessed whether or not elephants can feel or experience a range of emotions and experiences","1","27","m","white","christianity","","YES","NO","KINDA","YES","YES","YES","YES","KINDA","YES","YES","KINDA","YES","YES","YES","YES","KINDA","NO","YES","YES","KINDA","NO","YES","KINDA","YES","YES"
"46","R-27qa92SJlgoVvix","computer","R-27qa92SJlgoVvix_computer","271","On the first attention check 'please select no' I literally thought the question meant as to whether or not a computer can select 'no' so I said YES!  Apologies, I didn't catch it as quickly due to simple word choice for the sake of the (young) reader.  ","1","1983","m","white","other_religious","Very quick and straightforward. Thank you!","YES","YES","NO","NO","YES","NO","YES","NO","KINDA","YES","YES","YES","YES","KINDA","YES","NO","YES","YES","YES","KINDA","YES","YES","YES","YES","NO"
"47","R-293XePqrRshMAuf","robot","R-293XePqrRshMAuf_robot","487","This study was to determine if a robot can sense emotional and physical feelings, such as pain, etc.   ","1","1951","f","white","christianity","none","YES","YES","NO","NO","NO","NO","NO","NO","NO","NO","NO","NO","YES","NO","NO","NO","YES","NO","YES","KINDA","NO","YES","YES","YES","NO"
"48","R-29tZ2C6h1tAPLYH","goat","R-29tZ2C6h1tAPLYH_goat","173","I was asked to choose a response based on various emotions about a goat such as 'Can a goat feel pain?'","1","1991","m","white","not_religious","","YES","NO","NO","KINDA","YES","YES","YES","YES","YES","YES","KINDA","YES","YES","YES","YES","KINDA","NO","YES","YES","KINDA","NO","YES","YES","YES","KINDA"
"49","R-2af1SzJWk4Zf2hw","goat","R-2af1SzJWk4Zf2hw_goat","271","I was asked to respond how I thought goats felt different emotions.","1","1991","f","white","other_religious","","YES","NO","KINDA","KINDA","YES","KINDA","YES","KINDA","YES","YES","YES","YES","YES","YES","YES","KINDA","NO","YES","YES","KINDA","NO","KINDA","YES","YES","YES"
"50","R-2aH7b8ljWvP0ymR","beetle","R-2aH7b8ljWvP0ymR_beetle","216","I answered questions on what I thought beetles can and can not do. ","1","1995","f","other_prefno","prefno","","YES","YES","YES","YES","YES","YES","YES","KINDA","YES","YES","YES","YES","YES","YES","YES","YES","NO","KINDA","YES","KINDA","NO","KINDA","YES","YES","YES"
"51","R-2aqpxiF5RQKgL5o","doll","R-2aqpxiF5RQKgL5o_doll","97","","","","","","","","","","","NO","","","NO","","NO","","","","","NO","","","","","","NO","","NO","","NO",""
"52","R-2AX2ZrwQ62xEGBl","elephant","R-2AX2ZrwQ62xEGBl_elephant","128","We rated what an elephant can and cannot do and the researchers will be doing something similar with children in the future. ","1","1992","m","white","not_religious","Good study! ","YES","KINDA","YES","KINDA","YES","YES","YES","KINDA","YES","YES","KINDA","YES","YES","YES","YES","YES","NO","KINDA","YES","KINDA","NO","YES","KINDA","YES","YES"
"53","R-2aXHiT2hnBO8OX8","mouse","R-2aXHiT2hnBO8OX8_mouse","322","I wrote an essay about what it was like to learn to play the violin.","0","1986","m","white","christianity","GOOD","YES","KINDA","YES","NO","YES","YES","KINDA","YES","NO","KINDA","YES","NO","KINDA","YES","YES","NO","YES","YES","YES","KINDA","NO","YES","YES","NO","YES"
"54","R-2B5PAFXlJvbLZ7T","elephant","R-2B5PAFXlJvbLZ7T_elephant","229","I this survey I was asked questions about elephants. ","","1975","f","white","christianity","","YES","NO","NO","NO","YES","YES","YES","NO","YES","YES","YES","YES","YES","YES","YES","KINDA","NO","KINDA","YES","KINDA","NO","YES","YES","YES","YES"
"55","R-2B8KoaTn2DOp881","goat","R-2B8KoaTn2DOp881_goat","140","I answered questions about goats and what I believe they are and are not capable of accomplishing.","1","1978","m","white","not_religious","","YES","NO","NO","NO","NO","NO","YES","KINDA","NO","YES","YES","YES","YES","KINDA","YES","NO","NO","NO","YES","KINDA","NO","KINDA","YES","KINDA","YES"
"56","R-2bUh4TbANsmvZRQ","goat","R-2bUh4TbANsmvZRQ_goat","106","i answered questions about goats","1","1980","m","white","christianity","","NO","NO","NO","NO","NO","NO","KINDA","NO","NO","NO","KINDA","NO","NO","NO","KINDA","NO","NO","NO","YES","KINDA","NO","NO","KINDA","KINDA","YES"
"57","R-2CKghr5yvNXiqLw","doll","R-2CKghr5yvNXiqLw_doll","14","","","","","","","","","","","","","","","","","","","NO","","","NO","NO","","","NO","","","","","NO",""
"58","R-2dojXXWaTxsQlVz","mouse","R-2dojXXWaTxsQlVz_mouse","204","answered what a mice can or can not do","1","1985","m","white","other_religious","optimize survey to fit desktop screen ","YES","NO","NO","NO","KINDA","KINDA","YES","NO","YES","YES","YES","YES","KINDA","KINDA","YES","YES","NO","KINDA","YES","KINDA","NO","YES","YES","YES","YES"
"59","R-2dubNzoWojs6WJ7","goat","R-2dubNzoWojs6WJ7_goat","549","I just evaluated a list of things in which I was asked if I thought a goat could do or feel these things.","","1989","m","white","christianity","","YES","YES","YES","YES","YES","YES","YES","YES","YES","YES","YES","YES","YES","YES","YES","YES","NO","YES","YES","KINDA","NO","YES","YES","YES","YES"
"60","R-2fJ9Ev8M5LtM23E","computer","R-2fJ9Ev8M5LtM23E_computer","125","I answered questions about what computers are capable of.","1","1962","m","white","not_religious","","NO","YES","NO","NO","NO","NO","NO","NO","NO","NO","NO","NO","KINDA","NO","NO","NO","YES","NO","YES","KINDA","NO","KINDA","NO","NO","NO"
"61","R-2frrYq0NNEL39lq","goat","R-2frrYq0NNEL39lq_goat","220","I answered questions about goats and whether they could have certain emotions and do certain things.","1","1974","f","white","not_religious","I had no problems with the survey and really enjoyed it.","YES","NO","NO","NO","YES","YES","YES","NO","YES","YES","YES","YES","YES","KINDA","YES","NO","NO","YES","YES","KINDA","NO","YES","YES","YES","YES"
"62","R-2P6d4snhPXL3hML","robot","R-2P6d4snhPXL3hML_robot","254","I answered questions about a robot and if I think it can do or feel certain things.","1","1977","f","white","christianity","","KINDA","YES","NO","NO","NO","NO","NO","NO","NO","NO","NO","NO","YES","NO","NO","NO","KINDA","KINDA","YES","KINDA","NO","KINDA","NO","KINDA","NO"
"63","R-2pSmsE6PtrEBJtw","bird","R-2pSmsE6PtrEBJtw_bird","336","Evaluate characteristics a bird may or may not do.","1","1989","m","asian_east","not_religious","I think, I made a mistake in one of the questions, where it said, do you think bird can be turn on/off. I interpreted that questions as turn on/off their emotions, not in terms of like a light switch. Sorry about that.","YES","KINDA","KINDA","NO","KINDA","KINDA","YES","KINDA","KINDA","YES","YES","YES","YES","YES","YES","KINDA","NO","YES","YES","KINDA","NO","YES","YES","YES","KINDA"
"64","R-2q9n04j2PF617TI","mouse","R-2q9n04j2PF617TI_mouse","43","","","","","","","","NO","","NO","KINDA","KINDA","NO","","NO","NO","KINDA","NO","KINDA","YES","","","NO","","KINDA","KINDA","","NO","","","KINDA","YES"
"65","R-2QGMQDfHUFpXtEb","goat","R-2QGMQDfHUFpXtEb_goat","143","Answered some questions about goats","1","1976","m","white","not_religious","","YES","NO","NO","NO","YES","YES","YES","KINDA","KINDA","YES","YES","YES","KINDA","KINDA","YES","KINDA","NO","KINDA","YES","KINDA","NO","YES","YES","YES","YES"
"66","R-2Qneq4FdVE6d7zH","robot","R-2Qneq4FdVE6d7zH_robot","201","Answered questions on robots capabilities","","1983","f","white","christianity","No","NO","YES","NO","NO","NO","NO","NO","NO","NO","NO","NO","NO","NO","NO","NO","NO","YES","NO","NO","NO","NO","NO","NO","NO","NO"
"67","R-2QrIZoO2DG1X6PC","elephant","R-2QrIZoO2DG1X6PC_elephant","132","answered questions about whether an elephant can feel certain sensations/emotions/feelings or not","1","1992","m","white","not_religious","thank you and good luck!  Beto O'Rourke for US Senate!","KINDA","NO","KINDA","KINDA","YES","YES","YES","KINDA","YES","KINDA","KINDA","YES","YES","KINDA","YES","YES","NO","KINDA","YES","KINDA","NO","KINDA","YES","YES","YES"
"68","R-2QSfXuTiCUDOqVt","beetle","R-2QSfXuTiCUDOqVt_beetle","302","I answered short questions about my opinions on beetles and what I believe they are capable of.","1","1981","f","white","not_religious","","KINDA","NO","NO","NO","NO","NO","YES","NO","NO","KINDA","YES","YES","YES","NO","YES","NO","NO","KINDA","YES","KINDA","NO","YES","YES","YES","YES"
"69","R-2QWnV9vskzKitwa","goat","R-2QWnV9vskzKitwa_goat","230","I answered whether or not a goat could do certain things.","1","1975","m","white","christianity","","YES","NO","KINDA","KINDA","YES","KINDA","YES","KINDA","YES","YES","YES","YES","YES","YES","YES","KINDA","NO","YES","YES","KINDA","NO","YES","YES","YES","YES"
"70","R-2R8KNd0KOL3CJ0k","elephant","R-2R8KNd0KOL3CJ0k_elephant","127","I answered questions about what I think elephants can or cannot feel on a scale of ""no, kinda, yes"".","1","1968","f","white","christianity","","YES","NO","KINDA","KINDA","YES","YES","YES","YES","YES","YES","YES","YES","YES","YES","YES","YES","NO","YES","YES","KINDA","NO","YES","YES","YES","YES"
"71","R-2rBYiqMVGrhTNqT","goat","R-2rBYiqMVGrhTNqT_goat","213","I was shown a picture of a goat and prompted to provide one of three choices for various questions on goats.","1","1975","m","white","christianity","","YES","NO","NO","NO","KINDA","NO","YES","NO","NO","YES","YES","YES","YES","YES","YES","NO","NO","KINDA","YES","KINDA","NO","YES","YES","YES","YES"
"72","R-2sbfyCtafXLVQHi","elephant","R-2sbfyCtafXLVQHi_elephant","222","I judged an elephant.","1","1977","f","black","not_religious","","YES","NO","NO","NO","YES","YES","YES","NO","YES","YES","YES","YES","YES","YES","YES","KINDA","NO","YES","YES","KINDA","NO","YES","YES","YES","YES"
"73","R-2ScyQEGUZD0FRfR","mouse","R-2ScyQEGUZD0FRfR_mouse","450","I was asked a question about a mouse and had to choose one of three answers","","1958","m","asian_south","christianity","","YES","NO","NO","NO","KINDA","KINDA","YES","NO","KINDA","YES","YES","YES","YES","YES","YES","NO","NO","YES","YES","KINDA","NO","YES","YES","YES","YES"
"74","R-2TB1Fd4qyyTnEYn","mouse","R-2TB1Fd4qyyTnEYn_mouse","858","I judged a mouse on types of  feelings","1","1971","f","white","not_religious","","YES","KINDA","NO","NO","YES","YES","YES","NO","KINDA","YES","KINDA","YES","YES","NO","YES","NO","NO","YES","YES","KINDA","NO","KINDA","YES","KINDA","YES"
"75","R-2TB3W5iLoC69uWB","teddy_bear","R-2TB3W5iLoC69uWB_teddy_bear","165","I responded to questions about what I think a teddy bear can do.","1","1950","f","white","christianity","","NO","NO","NO","NO","NO","NO","NO","NO","NO","NO","NO","NO","NO","NO","NO","NO","NO","NO","YES","KINDA","NO","NO","NO","NO","NO"
"76","R-2tDNTKEusBdhW4y","doll","R-2tDNTKEusBdhW4y_doll","21","","","","","","","","","","","KINDA","NO","","","","","","","KINDA","KINDA","","","","","KINDA","KINDA","","","","","","KINDA"
"77","R-2tEeTk8OlwlAs5N","bird","R-2tEeTk8OlwlAs5N_bird","222","I was answering yes or no questions about birds and what I think they are capable of","","1988","f","black","christianity","","YES","NO","NO","NO","NO","NO","YES","NO","NO","KINDA","YES","YES","YES","KINDA","KINDA","NO","NO","YES","YES","KINDA","NO","YES","KINDA","KINDA","YES"
"78","R-2TIemy6t5BwicmH","robot","R-2TIemy6t5BwicmH_robot","288","I answered multiple choice questions about different attributes of a robot.","1","1953","m","white","christianity","","NO","YES","NO","NO","NO","NO","NO","NO","NO","NO","NO","NO","KINDA","NO","NO","NO","YES","NO","YES","KINDA","NO","KINDA","KINDA","KINDA","NO"
"79","R-2TLAoibypHcijNK","mouse","R-2TLAoibypHcijNK_mouse","311","I answered questions about mice","1","1961","m","white","not_religious","no","YES","NO","NO","NO","NO","NO","YES","NO","NO","KINDA","KINDA","YES","YES","NO","YES","NO","NO","KINDA","YES","KINDA","NO","NO","YES","YES","YES"
"80","R-2Tnivd12l6JMCh3","computer","R-2Tnivd12l6JMCh3_computer","209","I took a yes/no/kinda survey about computers. ","","1988","m","white","other_religious","","YES","YES","NO","NO","NO","NO","NO","NO","NO","NO","KINDA","NO","YES","NO","NO","NO","YES","KINDA","YES","KINDA","NO","YES","YES","KINDA","NO"
"81","R-2ttWeuyntO4WPdY","beetle","R-2ttWeuyntO4WPdY_beetle","324","chose what a beetle can and cannot do","1","1966","m","asian_east,white","not_religious","","KINDA","NO","NO","NO","NO","NO","YES","NO","NO","KINDA","KINDA","KINDA","YES","KINDA","YES","NO","NO","KINDA","YES","KINDA","NO","KINDA","YES","KINDA","YES"
"82","R-2U60SKt15YNpEod","doll","R-2U60SKt15YNpEod_doll","135","The survey taker had to select if he/she thought the doll presented could feel or sense things.","1","1989","m","white","not_religious","","NO","NO","NO","NO","NO","NO","NO","NO","NO","NO","NO","NO","NO","NO","NO","NO","NO","NO","YES","KINDA","NO","NO","NO","NO","NO"
"83","R-2WImaYCiMMCnCHx","robot","R-2WImaYCiMMCnCHx_robot","200","I answered simple questions regarding the capabilities of a robot.","1","1995","m","white","not_religious","","NO","YES","NO","NO","NO","NO","NO","NO","NO","NO","NO","NO","NO","NO","NO","NO","YES","NO","YES","KINDA","NO","YES","YES","KINDA","NO"
"84","R-2wNdLs6Wg6vOJhn","bird","R-2wNdLs6Wg6vOJhn_bird","233","ad to pick options about different opinions about the bird","1","1983","m","asian_south","christianity","none","KINDA","YES","NO","KINDA","YES","YES","YES","KINDA","KINDA","YES","KINDA","YES","YES","YES","YES","KINDA","NO","YES","YES","KINDA","NO","KINDA","YES","YES","KINDA"
"85","R-2wNs8fNtSxoNWgQ","goat","R-2wNs8fNtSxoNWgQ_goat","29","","","","","","","","YES","","YES","YES","","YES","YES","YES","","","","YES","","YES","YES","YES","","YES","","YES","NO","YES","YES","YES","YES"
"86","R-2wuhoxZYOfKICCh","robot","R-2wuhoxZYOfKICCh_robot","180","I took a test on what I thought a robot is and is not","1","1968","m","white","not_religious","Interesting! Have a nice day!","YES","YES","NO","NO","NO","NO","NO","YES","NO","KINDA","NO","NO","YES","NO","NO","NO","YES","YES","YES","KINDA","NO","YES","YES","YES","YES"
"87","R-2Xb2S31nDpVp00K","elephant","R-2Xb2S31nDpVp00K_elephant","147","Answered questions about if I believed that elephants have feelings and emotions which I do believe that they do ","","1986","m","native_american","christianity","","YES","NO","YES","YES","YES","YES","YES","YES","YES","YES","YES","YES","YES","YES","YES","YES","NO","YES","YES","KINDA","NO","YES","YES","YES","YES"
"88","R-2Xj4KN6zc6ImY2b","teddy_bear","R-2Xj4KN6zc6ImY2b_teddy_bear","512","I completed a survey regarding my judgement of a particular item.  The item was a teddy bear and my perception to whether the bear could have any type of emotions or feelings","","1980","f","black","christianity","","NO","NO","NO","NO","YES","YES","NO","NO","NO","NO","NO","NO","NO","NO","NO","NO","NO","NO","YES","KINDA","YES","NO","NO","NO","NO"
"89","R-2XoOG9PFRFjHdAt","bird","R-2XoOG9PFRFjHdAt_bird","42","","","","","","","","","","","","","","","","","","","","","","","","","","","","","","","",""
"90","R-2YP2cOWvI44PhwE","goat","R-2YP2cOWvI44PhwE_goat","560","estaba seleccionando opciones de la descripciÌ_n de una cabra","0","1992","f","white","christianity","sin comentarios","YES","NO","NO","KINDA","KINDA","NO","YES","NO","NO","YES","YES","KINDA","YES","YES","YES","NO","NO","KINDA","YES","KINDA","NO","NO","KINDA","YES","YES"
"91","R-2YXRjPczd16XxNw","computer","R-2YXRjPczd16XxNw_computer","65","I chose whether a computer could feel things or not.","1","1995","m","white","christianity","","KINDA","YES","KINDA","KINDA","KINDA","KINDA","KINDA","NO","NO","YES","KINDA","NO","KINDA","NO","KINDA","KINDA","YES","KINDA","YES","KINDA","NO","KINDA","KINDA","KINDA","KINDA"
"92","R-2YzDL6unRe4BeIC","robot","R-2YzDL6unRe4BeIC_robot","139","I selected whether robots can do or feel certain things.","1","1991","m","white","not_religious","no","KINDA","NO","NO","NO","NO","NO","NO","NO","NO","NO","NO","KINDA","YES","NO","NO","NO","YES","KINDA","YES","KINDA","NO","NO","YES","YES","NO"
"93","R-2zHzSd3NFJY44jU","doll","R-2zHzSd3NFJY44jU_doll","114","I answered questions about dolls and what they are able to do and feel. ","1","1980","f","white","not_religious","","NO","NO","NO","NO","NO","NO","NO","NO","NO","NO","NO","NO","NO","NO","NO","NO","NO","NO","YES","KINDA","NO","NO","NO","NO","NO"
"94","R-30jygo6K48JD4Ep","doll","R-30jygo6K48JD4Ep_doll","95","Answers questions about what a doll can or cant do","1","1986","f","white","buddhism","","NO","NO","NO","NO","NO","NO","NO","NO","NO","NO","NO","NO","NO","NO","NO","NO","NO","NO","YES","KINDA","NO","NO","NO","NO","NO"
"95","R-31pcghDPm5MTIKK","robot","R-31pcghDPm5MTIKK_robot","203","i was asked to answer whether robots felt certain things","1","1965","m","white","not_religious","","YES","YES","NO","NO","NO","NO","NO","NO","NO","NO","NO","NO","YES","NO","NO","NO","YES","KINDA","YES","KINDA","NO","KINDA","KINDA","YES","NO"
"96","R-3CJcyIRDXRNPwQf","goat","R-3CJcyIRDXRNPwQf_goat","191","I was answering simply worded questions about the abilities and emotions of goats","1","1992","m","white","not_religious","","KINDA","NO","NO","NO","YES","KINDA","YES","KINDA","YES","YES","YES","YES","KINDA","YES","YES","NO","NO","KINDA","YES","KINDA","NO","KINDA","YES","KINDA","YES"
"97","R-3dMKTO7MXabL8Du","doll","R-3dMKTO7MXabL8Du_doll","183","I answered questions about a doll, such as do I think a doll can feel happy. ","1","1970","f","white","christianity","No","NO","YES","NO","NO","KINDA","KINDA","NO","NO","KINDA","KINDA","NO","NO","NO","NO","NO","NO","YES","NO","YES","KINDA","NO","NO","NO","NO","NO"
"98","R-3eahQ1H2iG1qrZG","elephant","R-3eahQ1H2iG1qrZG_elephant","107","I rated whether or not elephants have feelings and other emotions. ","1","1987","m","white","not_religious","n/a","YES","NO","YES","YES","YES","YES","YES","YES","YES","YES","YES","YES","YES","YES","YES","YES","NO","YES","YES","KINDA","NO","YES","YES","YES","YES"
"99","R-3EgvGKGrD1cMpWs","doll","R-3EgvGKGrD1cMpWs_doll","190","doll","0","1983","m","white","christianity","good","NO","NO","NO","NO","KINDA","NO","NO","NO","NO","KINDA","KINDA","NO","KINDA","NO","NO","NO","NO","NO","NO","NO","NO","NO","NO","NO","NO"
"100","R-3F4KPYuIGiMi8Zt","robot","R-3F4KPYuIGiMi8Zt_robot","96","I answered questions about the ability of robots.","1","1980","f","white","not_religious","","YES","YES","NO","NO","NO","NO","NO","NO","NO","NO","NO","NO","YES","NO","NO","NO","YES","NO","YES","KINDA","NO","YES","YES","YES","YES"
"101","R-3fJ20HeuxPaE4Ml","beetle","R-3fJ20HeuxPaE4Ml_beetle","375","answer the things that beetles can and can not do","1","1988","f","white","christianity","do not","NO","NO","NO","NO","NO","NO","YES","NO","NO","YES","KINDA","YES","YES","NO","YES","NO","NO","YES","YES","KINDA","NO","YES","YES","YES","YES"
"102","R-3FWqYHfj47MGO6D","goat","R-3FWqYHfj47MGO6D_goat","151","I answered questions about what I thought a goat could do in the form of yes, no and maybe","1","1980","m","white","not_religious","","YES","YES","NO","KINDA","YES","YES","YES","KINDA","KINDA","YES","YES","YES","YES","YES","YES","YES","NO","KINDA","YES","KINDA","NO","KINDA","YES","YES","YES"
"103","R-3G1UE9SEnZcgGEQ","beetle","R-3G1UE9SEnZcgGEQ_beetle","106","I chose whether or not beetles had certain traits or characteristics.","1","1972","m","white","not_religious","Thanks, good luck with your research.","YES","NO","NO","NO","KINDA","NO","YES","NO","NO","NO","YES","YES","KINDA","YES","YES","NO","NO","YES","YES","KINDA","NO","KINDA","YES","NO","YES"
"104","R-3hbxUMx96Wv48Qo","beetle","R-3hbxUMx96Wv48Qo_beetle","178","Awnsered questions about a beetle, could they feel sad, scared, proud ect","1","1984","f","white","christianity","","YES","KINDA","NO","YES","NO","YES","YES","YES","KINDA","KINDA","KINDA","KINDA","YES","KINDA","KINDA","YES","YES","YES","YES","YES","NO","YES","KINDA","YES","YES"
"105","R-3hcPkFyDJfxzYNl","elephant","R-3hcPkFyDJfxzYNl_elephant","97","I answered questions about the kinds of things that elephants can and can't do.","1","1980","m","white","not_religious","","YES","NO","YES","YES","YES","YES","YES","YES","YES","YES","YES","YES","YES","YES","YES","YES","NO","YES","YES","KINDA","NO","YES","YES","YES","YES"
"106","R-3HigjwkQkDM7iMB","robot","R-3HigjwkQkDM7iMB_robot","44","","","","","","","","","","","","","","","","NO","NO","NO","","","","","","","","NO","","","","","",""
"107","R-3HLlxLxJ9LlZnj1","bird","R-3HLlxLxJ9LlZnj1_bird","240","I answered questions on what i think a bird could or could not do. ","1","1997","m","white","prefno","Quick fun survey thanks.","YES","YES","NO","NO","YES","KINDA","YES","KINDA","YES","YES","NO","YES","YES","YES","YES","YES","NO","YES","YES","KINDA","NO","KINDA","YES","YES","YES"
"108","R-3HNDYK84vyonOt8","doll","R-3HNDYK84vyonOt8_doll","281","I was asked to respond to several questions about a doll.","1","1957","f","white","christianity","It may be silly, but even at 61 years old, I have several stuffed animals and I know very well that they are not real, but they are ""real"" to me. I would feel very sad if anything happened to them.","NO","NO","NO","NO","NO","NO","NO","NO","NO","NO","NO","NO","NO","NO","NO","NO","NO","NO","YES","KINDA","NO","NO","NO","NO","NO"
"109","R-3iFiweaCgxVo22A","mouse","R-3iFiweaCgxVo22A_mouse","123","I answered questions about what mice can or can not do.","1","1958","f","white","christianity","no","YES","NO","NO","NO","KINDA","YES","YES","NO","KINDA","YES","YES","YES","YES","KINDA","YES","NO","NO","YES","YES","KINDA","KINDA","YES","YES","YES","YES"
"110","R-3IS3eSC0dg7XF2S","goat","R-3IS3eSC0dg7XF2S_goat","161","I clicked answers to questions on what I believed a goat can do. ","1","1976","f","white","christianity","","YES","NO","NO","NO","KINDA","KINDA","YES","NO","KINDA","YES","YES","YES","YES","YES","YES","NO","NO","YES","YES","KINDA","NO","KINDA","YES","YES","YES"
"111","R-3iU9tgGflLvGx1m","goat","R-3iU9tgGflLvGx1m_goat","150","I was asked questions about what I thought goats could do.","1","1966","f","white","christianity","Thank you.","YES","NO","NO","NO","YES","KINDA","YES","NO","KINDA","YES","NO","YES","KINDA","NO","YES","NO","NO","YES","YES","KINDA","NO","NO","YES","YES","YES"
"112","R-3J89ZvYZH6C8vy8","teddy_bear","R-3J89ZvYZH6C8vy8_teddy_bear","103","i described teddy bears abilities","1","1969","m","white","not_religious","","NO","NO","NO","NO","NO","NO","NO","NO","NO","NO","NO","NO","NO","NO","NO","NO","NO","NO","YES","KINDA","NO","NO","NO","NO","NO"
"113","R-3JeczzX5u0eFWwg","beetle","R-3JeczzX5u0eFWwg_beetle","263","I answered questions about what I thought beetles can or cannot do, such as smell things, be embarrassed, or get angry.","1","1969","f","white","not_religious","","YES","NO","NO","NO","NO","KINDA","YES","NO","NO","KINDA","YES","YES","KINDA","YES","YES","NO","NO","YES","YES","KINDA","NO","KINDA","YES","YES","YES"
"114","R-3jHKAwFOhwryBJ7","goat","R-3jHKAwFOhwryBJ7_goat","542","I wrote an essay about what it was like to learn to play the violin","0","1987","m","white","christianity","GOOD","KINDA","KINDA","KINDA","NO","YES","YES","KINDA","YES","KINDA","YES","YES","KINDA","YES","KINDA","KINDA","KINDA","KINDA","YES","YES","KINDA","NO","KINDA","YES","KINDA","KINDA"
"115","R-3Liq3HjviZv4Hsn","computer","R-3Liq3HjviZv4Hsn_computer","111","I answered questions pertaining to what a computer may or may not be able to do.","1","1987","m","white","not_religious","Thanks","YES","YES","NO","NO","NO","NO","NO","NO","NO","NO","NO","KINDA","YES","NO","KINDA","NO","YES","YES","YES","KINDA","NO","YES","YES","YES","NO"
"116","R-3lKCO9zBdookX2u","bird","R-3lKCO9zBdookX2u_bird","129","I answered a series of questions on what I think bird's are capable of.","","1990","na","white","not_religious","","YES","NO","NO","NO","KINDA","NO","YES","NO","KINDA","NO","KINDA","YES","YES","KINDA","YES","NO","NO","YES","YES","KINDA","NO","KINDA","YES","YES","YES"
"117","R-3m2kC2nnAvK9Mxn","doll","R-3m2kC2nnAvK9Mxn_doll","144","Evaluate if a doll can feel different emotions and feelings like a real person","1","1985","f","black","not_religious","","NO","NO","NO","NO","NO","NO","NO","NO","NO","NO","NO","NO","NO","NO","NO","NO","NO","NO","NO","KINDA","NO","NO","NO","NO","NO"
"118","R-3m3KhD9gV5q1Sjh","robot","R-3m3KhD9gV5q1Sjh_robot","585","I was given sentences of what I believe a robot can do and feel. I had select choices such as ""No, Kinda, and Yes."" ","1","1985","f","hispanic","christianity","","NO","YES","NO","NO","NO","NO","NO","NO","NO","NO","NO","NO","KINDA","NO","NO","NO","YES","KINDA","YES","KINDA","NO","NO","NO","KINDA","NO"
"119","R-3m4UM91S66aenRt","doll","R-3m4UM91S66aenRt_doll","234","I answered questions about dolls that were related to dolls have human qualities such as feelings or thoughts.","","1964","f","white","not_religious","Yes, it wasn't immediately clear to me that after I answered the first question, that it wasn't necessary to click on the bottom arrow. I kept clicking thinking my answer hadn't been registered. Perhaps the arrow should appear after the questions had been answered","NO","NO","NO","NO","NO","NO","NO","NO","NO","NO","NO","NO","NO","NO","NO","NO","NO","NO","YES","KINDA","NO","NO","NO","NO","KINDA"
"120","R-3m9OfTXaBg6IXSw","mouse","R-3m9OfTXaBg6IXSw_mouse","506","I was asked questions on the behaviour of mice and i replied.","","1981","m","asian_south","hinduism","nil","YES","YES","NO","NO","YES","YES","YES","NO","KINDA","YES","YES","YES","YES","YES","YES","YES","NO","YES","YES","KINDA","NO","YES","YES","YES","YES"
"121","R-3mdAbjevP8F3RqJ","goat","R-3mdAbjevP8F3RqJ_goat","145","I answered questions about the characteristics of Goats.","1","1998","m","white","christianity","","YES","NO","KINDA","KINDA","KINDA","YES","YES","KINDA","KINDA","YES","YES","YES","YES","YES","YES","KINDA","NO","YES","YES","KINDA","NO","NO","NO","YES","YES"
"122","R-3MRUOF3aZhko2yh","beetle","R-3MRUOF3aZhko2yh_beetle","184","I answered questions about my opinion on certain characteristics of beetles","1","1996","m","white","not_religious","","NO","NO","NO","NO","NO","NO","YES","NO","NO","KINDA","NO","YES","KINDA","NO","YES","NO","NO","NO","YES","KINDA","NO","NO","KINDA","NO","KINDA"
"123","R-3MSsxbV8OCaIibr","computer","R-3MSsxbV8OCaIibr_computer","89","made choices about what a computer could do","1","1983","m","white","not_religious","","NO","YES","NO","NO","NO","NO","NO","NO","NO","NO","NO","NO","NO","NO","NO","NO","YES","NO","YES","KINDA","NO","NO","NO","NO","NO"
"124","R-3NJmEP5elzAmMQZ","computer","R-3NJmEP5elzAmMQZ_computer","182","I made choices about what I thought computers can and can't do.","1","1972","m","white","judaism","no problems","NO","YES","NO","NO","NO","NO","NO","NO","NO","NO","NO","NO","NO","NO","NO","NO","YES","YES","YES","KINDA","NO","YES","NO","NO","NO"
"125","R-3O0aWL9izvsNNQS","beetle","R-3O0aWL9izvsNNQS_beetle","227","I had to decide what a beetle can and can not do. ","1","1968","m","white","christianity","Thanks and good luck with your work","YES","NO","NO","NO","KINDA","KINDA","YES","NO","KINDA","YES","YES","YES","YES","NO","YES","NO","NO","YES","YES","KINDA","NO","KINDA","YES","YES","KINDA"
"126","R-3O6yfyNKSodcHB0","elephant","R-3O6yfyNKSodcHB0_elephant","126","I answered questions about properties of elephants by selecting yes,no, or kinda.","1","1980","m","white","not_religious","","YES","NO","KINDA","YES","YES","YES","YES","YES","YES","YES","YES","YES","YES","YES","YES","YES","NO","YES","YES","KINDA","NO","YES","YES","YES","YES"
"127","R-3oHhyTnxbGuMUHW","bird","R-3oHhyTnxbGuMUHW_bird","140","To see if what you think a bird can sense.","1","1979","m","white","christianity","No","YES","NO","NO","NO","YES","YES","YES","KINDA","YES","YES","YES","YES","KINDA","YES","YES","YES","NO","YES","YES","KINDA","NO","YES","YES","YES","YES"
"128","R-3oLvnf19be40gJD","doll","R-3oLvnf19be40gJD_doll","232","We were asked questions about dolls such as if they could think","1","1965","m","white","not_religious","","NO","YES","NO","NO","NO","NO","NO","NO","NO","NO","NO","NO","NO","NO","NO","NO","YES","NO","YES","KINDA","NO","NO","NO","NO","NO"
"129","R-3Or9GlaWbOSZwST","robot","R-3Or9GlaWbOSZwST_robot","70","I had to select if I agreed that a robot can X","1","1990","m","white","not_religious","","NO","YES","NO","NO","NO","NO","NO","NO","NO","NO","NO","NO","NO","NO","NO","NO","KINDA","NO","YES","KINDA","NO","NO","NO","NO","NO"
"130","R-3PdUJu9v2nIl2iL","robot","R-3PdUJu9v2nIl2iL_robot","97","I agreed or disagreed with various statements about the abilities of robots","1","1978","m","white","not_religious","","KINDA","YES","NO","NO","NO","NO","NO","NO","NO","NO","NO","NO","KINDA","NO","NO","NO","YES","KINDA","YES","KINDA","NO","KINDA","YES","YES","NO"
"131","R-3PLHGjAJRqRlI9w","teddy_bear","R-3PLHGjAJRqRlI9w_teddy_bear","225","I made decisions about what a teddy bear can and cannot feel","1","1981","m","white","judaism","","NO","NO","NO","NO","NO","NO","NO","NO","NO","NO","NO","NO","NO","NO","NO","NO","NO","NO","YES","KINDA","NO","NO","NO","NO","NO"
"132","R-3PS5WL5mDIjPyMK","teddy_bear","R-3PS5WL5mDIjPyMK_teddy_bear","37","","","","","","","","NO","","NO","NO","NO","","NO","NO","NO","NO","NO","NO","","NO","NO","NO","","NO","NO","NO","NO","NO","NO","NO","NO"
"133","R-3sc3BOgwgeIMHl5","computer","R-3sc3BOgwgeIMHl5_computer","338","QUESTIONS REGARDING COMPUTER, NATURE AND FEELING OF THE COMPUTER","","USA","m","native_american","christianity","NO ","YES","NO","NO","YES","NO","NO","NO","NO","NO","NO","NO","NO","NO","NO","NO","NO","YES","YES","YES","KINDA","NO","YES","YES","YES","NO"
"134","R-3si8w66zggmPiSD","computer","R-3si8w66zggmPiSD_computer","268","I answered questions about what I think a computer cans do.  For example, one question asked if a computer feels guilty.  Answer choices were no, kinda, and yes.  ","1","1983","f","white","christianity","","KINDA","YES","NO","NO","NO","NO","NO","NO","NO","NO","NO","NO","YES","NO","NO","NO","YES","KINDA","YES","KINDA","NO","YES","KINDA","KINDA","NO"
"135","R-4JIuTVvvk7rZwPv","elephant","R-4JIuTVvvk7rZwPv_elephant","131","","","","","","","","","","","","","","","","","","","","","","","","","","","","","","","",""
"136","R-50jpydWRgZiSXxD","goat","R-50jpydWRgZiSXxD_goat","201","I was asked to answer questions about what I think a goat can and cannot do.","1","1978","f","white","christianity","No, thank you!","YES","NO","KINDA","NO","YES","YES","YES","KINDA","KINDA","YES","YES","YES","KINDA","KINDA","YES","YES","NO","YES","YES","KINDA","NO","YES","YES","YES","YES"
"137","R-50UtDxHI3ldcjap","elephant","R-50UtDxHI3ldcjap_elephant","185","I filled out a survey on how elephants are.","1","1987","f","black","christianity","no","YES","YES","YES","KINDA","YES","YES","YES","YES","YES","YES","YES","YES","YES","YES","YES","YES","NO","YES","YES","KINDA","YES","YES","YES","YES","YES"
"138","R-5jULWhYwPscTDix","teddy_bear","R-5jULWhYwPscTDix_teddy_bear","194","I participated in a survey providing my personal perceptions as to what emotions and senses a Teddy Bear might feel, such as love, anger, hunger, etc.","1","1951","f","white","christianity","","KINDA","NO","KINDA","KINDA","YES","YES","KINDA","YES","YES","YES","KINDA","YES","NO","NO","KINDA","YES","NO","NO","YES","KINDA","NO","KINDA","NO","KINDA","NO"
"139","R-6MbPxm1gi2ipRAZ","goat","R-6MbPxm1gi2ipRAZ_goat","225","To see what you think how a goat feels.","1","1982","f","white","christianity","No","YES","NO","KINDA","KINDA","YES","YES","YES","YES","YES","YES","YES","YES","KINDA","YES","YES","YES","NO","YES","YES","NO","NO","KINDA","KINDA","KINDA","YES"
"140","R-9p2tiuAv4OO9vIB","elephant","R-9p2tiuAv4OO9vIB_elephant","948","I rated traits of an elephant and what I thought it could/could not do","1","1988","f","black","judaism","","YES","KINDA","KINDA","NO","YES","YES","YES","KINDA","YES","YES","YES","YES","YES","YES","YES","KINDA","NO","YES","YES","KINDA","NO","YES","KINDA","KINDA","YES"
"141","R-ANZQUq1B63edVXr","computer","R-ANZQUq1B63edVXr_computer","464","What computers can and cannot do","1","1977","m","white","not_religious","","NO","YES","NO","NO","NO","NO","NO","NO","NO","NO","NO","NO","KINDA","NO","NO","NO","KINDA","NO","YES","KINDA","NO","NO","YES","NO","NO"
"142","R-AO0cVPnIWSJIE2l","goat","R-AO0cVPnIWSJIE2l_goat","150","I ride bicycle for relaxation","0","1989","m","other_prefno","prefno","","NO","NO","NO","NO","YES","KINDA","YES","NO","NO","YES","YES","KINDA","NO","YES","YES","KINDA","NO","NO","YES","KINDA","NO","NO","NO","KINDA","KINDA"
"143","R-bpcExorA1bUg61H","teddy_bear","R-bpcExorA1bUg61H_teddy_bear","1395","","","","","","","","NO","NO","NO","NO","NO","NO","NO","NO","NO","NO","NO","NO","NO","NO","NO","NO","NO","NO","NO","NO","NO","NO","NO","NO","NO"
"144","R-C7EQF8kSoKZagql","bird","R-C7EQF8kSoKZagql_bird","102","I answered a series of questions about birds.","1","1985","m","white","not_religious","","YES","NO","NO","NO","YES","NO","YES","YES","YES","YES","YES","YES","YES","YES","YES","NO","NO","YES","YES","KINDA","NO","YES","YES","YES","YES"
"145","R-C83WlitMmbHTSuJ","doll","R-C83WlitMmbHTSuJ_doll","190","I answered questions about whether or not a doll could do certain things.","1","1979","m","white","not_religious","","NO","KINDA","NO","NO","NO","NO","NO","NO","NO","NO","NO","NO","NO","NO","NO","NO","NO","NO","YES","KINDA","NO","NO","KINDA","KINDA","NO"
"146","R-cBIWI0NyaHw8Aox","elephant","R-cBIWI0NyaHw8Aox_elephant","243","I answered questions about what I thought an elephant can or cannot do etc.","","1966","f","white","christianity","Fun!","YES","NO","YES","KINDA","YES","YES","YES","KINDA","YES","YES","YES","YES","YES","YES","YES","YES","NO","YES","YES","KINDA","NO","YES","YES","YES","YES"
"147","R-czHnIEyExSJD3Gh","elephant","R-czHnIEyExSJD3Gh_elephant","157","Picked whether elephants can or cannot feel certain ways.","1","1964","f","white","not_religious","","YES","NO","NO","NO","KINDA","KINDA","YES","NO","KINDA","YES","YES","YES","KINDA","YES","YES","NO","NO","YES","YES","KINDA","NO","YES","YES","YES","YES"
"148","R-dhiLbqSTqr5i481","goat","R-dhiLbqSTqr5i481_goat","194","I had to think about goats' capabilities ","1","1984","f","white","not_religious","","YES","NO","KINDA","NO","YES","YES","YES","YES","KINDA","YES","YES","YES","KINDA","YES","YES","KINDA","NO","KINDA","YES","NO","NO","KINDA","YES","KINDA","YES"
"149","R-DnRamw4UqrsuMI9","mouse","R-DnRamw4UqrsuMI9_mouse","264","I determined if a mouse can feel certain emotions or perform certain actions like feeling angry.","1","1990","m","white","not_religious","none","YES","NO","NO","NO","KINDA","KINDA","YES","KINDA","KINDA","YES","YES","YES","YES","KINDA","YES","KINDA","NO","KINDA","YES","KINDA","NO","YES","YES","YES","YES"
"150","R-DShip47sz5mlipP","robot","R-DShip47sz5mlipP_robot","169","I was answering questions about a robot. They were mostly about emotions and feelings like can it feel cold? can it be happy? etc.","1","1984","m","hispanic","not_religious","no its fine","KINDA","YES","NO","NO","NO","NO","NO","NO","NO","NO","NO","NO","YES","NO","NO","NO","YES","NO","YES","KINDA","NO","YES","YES","KINDA","NO"
"151","R-QhV9u20bkXPL225","goat","R-QhV9u20bkXPL225_goat","333","i answered questions about the mental processes a goat is capable of","","1990","m","white","christianity","","YES","YES","YES","YES","YES","YES","YES","YES","YES","YES","YES","YES","YES","YES","YES","YES","NO","YES","YES","KINDA","NO","YES","YES","YES","YES"
"152","R-qxqpRuv434PxMGd","beetle","R-qxqpRuv434PxMGd_beetle","117","I made judgements on whether beetles could feel certain feelings.","1","1988","f","asian_east","not_religious","","YES","KINDA","KINDA","KINDA","YES","YES","YES","YES","YES","YES","YES","KINDA","YES","YES","YES","YES","NO","YES","YES","KINDA","NO","YES","YES","YES","YES"
"153","R-qxWN9zW2Kgh5c3f","bird","R-qxWN9zW2Kgh5c3f_bird","379","I answered yes, kind of, or no to questions about birds.","1","1975","f","hispanic","christianity","","YES","NO","KINDA","YES","YES","YES","YES","KINDA","YES","YES","YES","YES","YES","YES","YES","NO","NO","YES","YES","KINDA","NO","KINDA","YES","YES","YES"
"154","R-R3tiFK1fFYmJ4Wd","computer","R-R3tiFK1fFYmJ4Wd_computer","222","I answered whether I felt a computer could be personified in certain ways or retained certain abilities such as feelings or biological responses to stimuli.","1","35","m","white","not_religious","Thanks for the opportunity to participate! This was a fun one!","YES","YES","NO","NO","NO","NO","NO","NO","NO","NO","NO","NO","YES","NO","NO","NO","YES","KINDA","YES","KINDA","NO","YES","YES","YES","NO"
"155","R-ROdhqctcmUKgLfz","teddy_bear","R-ROdhqctcmUKgLfz_teddy_bear","184","In this study, I answered questions regarding teddy bears. The questions were basically asked if the teddy bear was a human, like can it smell, have feeling, be scared, etc. ","","1975","f","black","christianity","","NO","NO","NO","NO","NO","NO","NO","NO","NO","NO","NO","NO","NO","NO","NO","NO","YES","NO","YES","KINDA","NO","NO","NO","NO","NO"
"156","R-RwBfqqJ72988XXb","doll","R-RwBfqqJ72988XXb_doll","197","I answered questions as to what a doll can or can not do.","1","1980","f","white","not_religious","N/A","NO","YES","NO","NO","NO","KINDA","NO","NO","NO","NO","NO","NO","NO","NO","NO","NO","KINDA","NO","YES","KINDA","NO","NO","KINDA","NO","NO"
"157","R-sd74VY8blLWzYJz","robot","R-sd74VY8blLWzYJz_robot","188","I answered questions about robots such as if they could feel emotions.","1","1996","f","black","not_religious","","KINDA","YES","NO","NO","NO","NO","NO","NO","NO","NO","NO","NO","YES","NO","NO","NO","YES","YES","YES","KINDA","NO","YES","YES","YES","NO"
"158","R-T60kkocWX04A1TH","goat","R-T60kkocWX04A1TH_goat","125","I was choosing what a goat is or is not able to do, such as feel happy or proud.","1","1995","f","white","not_religious","","YES","NO","KINDA","KINDA","YES","KINDA","YES","KINDA","YES","YES","YES","YES","YES","KINDA","YES","YES","NO","KINDA","YES","KINDA","NO","KINDA","YES","KINDA","YES"
"159","R-T7MQf37yIg0xZHb","elephant","R-T7MQf37yIg0xZHb_elephant","205","I answer questions based on my beliefs of elephants, like their feelings.","1","1980","f","asian_east,white","christianity","No problems.","YES","KINDA","NO","KINDA","YES","YES","YES","YES","YES","YES","YES","YES","YES","YES","YES","KINDA","NO","YES","YES","KINDA","NO","YES","YES","YES","YES"
"160","R-Tdw4lAhCj6jyqIN","beetle","R-Tdw4lAhCj6jyqIN_beetle","379","degree","0","25","m","native_american","judaism","good survey","NO","YES","KINDA","NO","NO","YES","KINDA","KINDA","KINDA","NO","YES","KINDA","KINDA","NO","NO","NO","KINDA","NO","YES","KINDA","KINDA","NO","KINDA","KINDA","KINDA"
"161","R-u81S6YAoTAy0jjr","goat","R-u81S6YAoTAy0jjr_goat","484","I do the behavior of the goat and their response","0","1988","m","black","christianity","good survey","YES","NO","YES","NO","YES","NO","NO","NO","NO","NO","NO","NO","YES","NO","NO","NO","NO","YES","YES","KINDA","NO","YES","YES","YES","YES"
"162","R-UXfnOfKsn8XJokx","computer","R-UXfnOfKsn8XJokx_computer","239","I answered some questions about things a computer can do (ie. sense things, remember things, etc)","1","1984","f","black","christianity","None","NO","YES","NO","NO","NO","NO","NO","NO","NO","NO","NO","NO","NO","NO","NO","NO","YES","NO","YES","KINDA","NO","NO","NO","NO","NO"
"163","R-UXzzSryzRDcDISR","bird","R-UXzzSryzRDcDISR_bird","330","I selected The bird can do or do not","0","1992","m","native_american","christianity","All is fine and good in this study","YES","NO","NO","NO","NO","KINDA","NO","YES","KINDA","NO","NO","YES","YES","YES","YES","NO","NO","NO","YES","KINDA","NO","YES","YES","YES","YES"
"164","R-vc9oPw2HYha2CIN","doll","R-vc9oPw2HYha2CIN_doll","7284","I selected if a doll was able to do a bunch of different things like feel and have emotions ","1","1982","m","white","not_religious","No","NO","NO","NO","NO","NO","NO","NO","NO","NO","NO","NO","NO","NO","NO","NO","NO","NO","NO","YES","KINDA","NO","NO","NO","NO","NO"
"165","R-vfsM0Qwnyk0yP0B","elephant","R-vfsM0Qwnyk0yP0B_elephant","176","I responded to questions regarding an elephants agency by clicking buttons.","1","1964","m","white","christianity","Thank you","YES","NO","NO","KINDA","YES","YES","YES","NO","YES","YES","YES","YES","KINDA","YES","YES","KINDA","NO","YES","YES","KINDA","NO","YES","YES","YES","YES"
"166","R-Wwyi2AOxI7PQxzP","teddy_bear","R-Wwyi2AOxI7PQxzP_teddy_bear","491","i have know how teddy bear behave","","1987","m","black","christianity","no","KINDA","YES","NO","NO","NO","NO","NO","KINDA","NO","NO","NO","NO","NO","NO","NO","NO","NO","NO","YES","KINDA","NO","KINDA","NO","NO","NO"
"167","R-wXzQKDrFlAxKcSZ","goat","R-wXzQKDrFlAxKcSZ_goat","105","I chose options on whether I felt like a goat could d or feel certain things","1","1987","f","asian_east","not_religious","","YES","YES","YES","YES","YES","YES","YES","YES","YES","YES","YES","YES","YES","YES","YES","YES","NO","YES","YES","KINDA","NO","YES","YES","YES","YES"
"168","R-x63f5HYXvBDLu5r","robot","R-x63f5HYXvBDLu5r_robot","365","Answering questions about what a Robot can or cannot do. ","","1949","f","white","christianity","","KINDA","YES","NO","NO","NO","NO","NO","NO","NO","NO","NO","NO","KINDA","NO","NO","NO","YES","NO","YES","KINDA","NO","YES","KINDA","KINDA","NO"
"169","R-xgEzmIjkPIwkaDD","goat","R-xgEzmIjkPIwkaDD_goat","174","I answered some questions regarding goats","","1990","m","white","islam","No","NO","NO","NO","NO","KINDA","YES","YES","NO","KINDA","YES","YES","YES","NO","YES","YES","KINDA","NO","NO","YES","KINDA","NO","KINDA","YES","YES","NO"
"170","R-XU2mUbUuAlLFIYx","bird","R-XU2mUbUuAlLFIYx_bird","404","I just evaluated a brief study on birds","1","1987","f","black","christianity","no","YES","KINDA","YES","KINDA","YES","YES","YES","KINDA","YES","YES","YES","YES","YES","YES","YES","YES","NO","YES","YES","KINDA","NO","KINDA","YES","YES","YES"
"171","R-ZgvFNxD0y1zv07n","teddy_bear","R-ZgvFNxD0y1zv07n_teddy_bear","100","I decided whether or not a teddy bear is capable of experiencing some characteristics.","1","1990","m","white","christianity","","NO","NO","NO","NO","NO","NO","NO","NO","NO","NO","NO","NO","NO","NO","NO","NO","NO","NO","YES","KINDA","NO","NO","NO","NO","NO"
"172","R-zZPqGigKmObibV7","doll","R-zZPqGigKmObibV7_doll","86","I picked what characteristics I thought a doll might have or not (like feel or be hungry)","1","1983","f","white","not_religious","","NO","NO","NO","NO","NO","NO","NO","NO","NO","NO","NO","NO","NO","NO","NO","NO","NO","NO","YES","KINDA","NO","NO","NO","NO","NO"
